Sale ID,Date,Product,Category,Quantity,Price_Unitary,Total,Seller,Payment Method
1,2024-09-23,Laptop,Electronics,96,39.11,3754.56,Maria,Transfer
2,2024-08-25,T-shirt,Clothing,2,306.85,613.7,Ana,Debit Card
3,2024-05-03,Headphone,Electronics,52,32.31,1680.12,Joao,Paypal
4,2024-02-29,Laptop,Electronics,75,568.35,42626.25,Joao,Pix
5,2024-12-09,Mouse,Electronics,38,235.98,8967.24,Pedro,Paypal
6,2024-11-13,Mouse,Electronics,22,352.34,7751.48,Maria,Debit Card
7,2024-06-01,Pants,Clothing,82,82.53,6767.46,Joao,Transfer
8,2024-05-01,T-shirt,Clothing,88,505.09,44447.92,Joao,Transfer
9,2024-06-08,Hat,Clothing,58,39.32,2280.56,Julia,Transfer
10,2024-07-02,T-shirt,Clothing,57,557.67,31787.19,Ana,Pix
11,2024-05-27,Pants,Clothing,79,568.81,44935.99,Jose,Credit Card
12,2024-06-16,Mouse,Electronics,23,405.61,9329.03,Lucas,Pix
13,2024-12-18,Headphone,Electronics,70,90.37,6325.9,Lucas,Paypal
14,2024-12-03,T-shirt,Clothing,45,459.92,20696.4,Julia,Boleto
15,2024-04-10,Headphone,Electronics,3,458.23,1374.69,Carlos,Paypal
16,2024-03-31,Laptop,Electronics,30,544.56,16336.8,Julia,Transfer
17,2024-07-07,Mouse,Electronics,71,83.02,5894.42,Ana,Boleto
18,2024-10-04,Socks,Clothing,79,564.58,44601.82,Maria,Credit Card
19,2024-08-23,T-shirt,Clothing,67,310.8,20823.6,Julia,Paypal
20,2024-07-10,Mouse,Electronics,66,360.86,23816.76,Mariana,Transfer
21,2024-02-18,Headphone,Electronics,61,307.07,18731.27,Joao,Transfer
22,2024-10-21,Book,Books,73,397.57,29022.61,Jose,Boleto
23,2024-11-09,Mouse,Electronics,23,145.76,3352.48,Joao,Credit Card
24,2024-04-26,Hat,Clothing,75,558.71,41903.25,Maria,Pix
25,2024-10-22,T-shirt,Clothing,69,354.67,24472.23,Julia,Pix
26,2024-04-29,Socks,Clothing,48,527.66,25327.68,Jose,Boleto
27,2024-07-06,Pants,Clothing,29,443.77,12869.33,Jose,Pix
28,2024-10-20,T-shirt,Clothing,57,485.89,27695.73,Carlos,Pix
29,2024-01-07,Shoes,Clothing,20,286.83,5736.6,Mariana,Boleto
30,2024-03-24,Headphone,Electronics,36,280.46,10096.56,Pedro,Transfer
31,2024-01-22,T-shirt,Clothing,59,424.62,25052.58,Joao,Credit Card
32,2024-07-25,Socks,Clothing,55,486.85,26776.75,Carlos,Credit Card
33,2024-05-15,Hat,Clothing,27,148.78,4017.06,Lucas,Boleto
34,2024-12-14,Headphone,Electronics,25,257.46,6436.5,Maria,Pix
35,2024-05-24,Book,Books,82,201.13,16492.66,Larissa,Paypal
36,2024-07-24,Socks,Clothing,92,108.54,9985.68,Carlos,Paypal
37,2024-01-25,Shoes,Clothing,26,151.14,3929.64,Joao,Paypal
38,2024-06-16,Mouse,Electronics,75,310.99,23324.25,Julia,Transfer
39,2024-10-15,Laptop,Electronics,58,545.75,31653.5,Lucas,Pix
40,2024-01-04,backpack,Accessories,33,533.25,17597.25,Maria,Paypal
41,2024-07-12,Socks,Clothing,46,532.21,24481.66,Julia,Transfer
42,2024-02-22,Hat,Clothing,64,64.76,4144.64,Maria,Paypal
43,2024-04-23,Headphone,Electronics,49,345.29,16919.21,Pedro,Debit Card
44,2024-04-10,Pants,Clothing,90,99.95,8995.5,Lucas,Boleto
45,2024-02-10,T-shirt,Clothing,22,115.47,2540.34,Joao,Boleto
46,2024-10-31,Laptop,Electronics,8,157.14,1257.12,Julia,Debit Card
47,2024-08-26,Pants,Clothing,16,261.41,4182.56,Mariana,Paypal
48,2024-11-19,T-shirt,Clothing,84,462.11,38817.24,Julia,Credit Card
49,2024-01-26,Shoes,Clothing,22,62.75,1380.5,Jose,Paypal
50,2024-02-17,Socks,Clothing,34,533.06,18124.04,Lucas,Pix
51,2024-01-11,Book,Books,52,318.14,16543.28,Joao,Boleto
52,2024-11-10,Headphone,Electronics,90,149.98,13498.2,Carlos,Paypal
53,2024-03-30,Book,Books,29,461.1,13371.9,Pedro,Pix
54,2024-01-17,Socks,Clothing,21,44.02,924.42,Julia,Credit Card
55,2024-06-30,T-shirt,Clothing,48,221.09,10612.32,Jose,Boleto
56,2024-05-30,T-shirt,Clothing,2,20.78,41.56,Larissa,Pix
57,2024-11-28,Shoes,Clothing,87,209.61,18236.07,Ana,Paypal
58,2024-08-16,Book,Books,42,509.45,21396.9,Pedro,Transfer
59,2024-11-14,Pants,Clothing,55,109.84,6041.2,Lucas,Paypal
60,2024-07-15,Hat,Clothing,50,528.06,26403.0,Joao,Pix
61,2024-01-01,Headphone,Electronics,60,487.4,29244.0,Carlos,Paypal
62,2024-09-12,Shoes,Clothing,55,82.96,4562.8,Ana,Credit Card
63,2024-01-29,T-shirt,Clothing,30,310.41,9312.3,Carlos,Transfer
64,2024-07-15,Laptop,Electronics,56,63.91,3578.96,Ana,Credit Card
65,2024-04-09,Pants,Clothing,14,112.22,1571.08,Larissa,Pix
66,2024-05-19,Pants,Clothing,85,127.71,10855.35,Larissa,Transfer
67,2024-01-05,Headphone,Electronics,31,126.78,3930.18,Larissa,Transfer
68,2024-09-26,Hat,Clothing,95,259.32,24635.4,Larissa,Debit Card
69,2024-04-05,Shoes,Clothing,65,59.13,3843.45,Ana,Pix
70,2024-05-18,Book,Books,94,278.04,26135.76,Joao,Pix
71,2024-01-12,backpack,Accessories,7,206.15,1443.05,Larissa,Credit Card
72,2024-09-20,Laptop,Electronics,6,558.9,3353.4,Pedro,Pix
73,2024-02-19,backpack,Accessories,14,503.86,7054.04,Joao,Paypal
74,2024-08-16,Headphone,Electronics,25,117.51,2937.75,Larissa,Transfer
75,2024-01-19,T-shirt,Clothing,23,271.21,6237.83,Ana,Transfer
76,2024-04-26,T-shirt,Clothing,72,395.67,28488.24,Carlos,Debit Card
77,2024-11-20,Pants,Clothing,70,21.84,1528.8,Jose,Paypal
78,2024-11-05,backpack,Accessories,69,403.72,27856.68,Julia,Debit Card
79,2024-11-19,Book,Books,86,396.31,34082.66,Jose,Boleto
80,2024-04-12,Hat,Clothing,54,503.79,27204.66,Ana,Boleto
81,2024-06-26,Laptop,Electronics,93,170.67,15872.31,Pedro,Pix
82,2024-12-15,Laptop,Electronics,64,218.98,14014.72,Larissa,Pix
83,2024-06-09,Laptop,Electronics,51,338.71,17274.21,Joao,Paypal
84,2024-04-02,Shoes,Clothing,25,296.84,7421.0,Julia,Paypal
85,2024-11-22,Hat,Clothing,47,404.58,19015.26,Larissa,Debit Card
86,2024-01-13,Book,Books,70,210.29,14720.3,Mariana,Pix
87,2024-12-14,backpack,Accessories,16,243.95,3903.2,Joao,Pix
88,2024-05-24,Headphone,Electronics,34,225.39,7663.26,Maria,Boleto
89,2024-07-18,T-shirt,Clothing,41,331.13,13576.33,Joao,Boleto
90,2024-10-19,Laptop,Electronics,41,20.58,843.78,Mariana,Paypal
91,2024-02-07,Pants,Clothing,35,206.53,7228.55,Ana,Transfer
92,2024-08-10,Laptop,Electronics,75,546.55,40991.25,Lucas,Boleto
93,2024-05-15,Mouse,Electronics,53,11.41,604.73,Julia,Boleto
94,2024-03-09,Shoes,Clothing,34,256.61,8724.74,Larissa,Paypal
95,2024-10-29,Mouse,Electronics,47,120.27,5652.69,Larissa,Debit Card
96,2024-12-15,backpack,Accessories,60,304.78,18286.8,Ana,Boleto
97,2024-04-18,T-shirt,Clothing,75,154.99,11624.25,Carlos,Pix
98,2024-07-09,Headphone,Electronics,70,484.72,33930.4,Lucas,Pix
99,2024-04-29,Laptop,Electronics,42,104.14,4373.88,Lucas,Transfer
100,2024-10-24,Mouse,Electronics,17,70.51,1198.67,Mariana,Paypal
101,2024-10-10,Laptop,Electronics,25,40.97,1024.25,Jose,Debit Card
102,2024-12-08,Shoes,Clothing,3,153.9,461.7,Larissa,Debit Card
103,2024-11-09,Socks,Clothing,64,179.66,11498.24,Jose,Debit Card
104,2024-11-23,Mouse,Electronics,71,345.38,24521.98,Maria,Debit Card
105,2024-07-11,Shoes,Clothing,37,295.97,10950.89,Julia,Transfer
106,2024-06-09,Socks,Clothing,97,525.23,50947.31,Maria,Pix
107,2024-04-26,Headphone,Electronics,2,140.49,280.98,Jose,Credit Card
108,2024-10-05,Pants,Clothing,74,438.82,32472.68,Pedro,Transfer
109,2024-11-06,Mouse,Electronics,53,79.62,4219.86,Joao,Pix
110,2024-08-20,backpack,Accessories,35,529.46,18531.1,Joao,Pix
111,2024-09-12,Hat,Clothing,8,177.68,1421.44,Pedro,Transfer
112,2024-02-27,Hat,Clothing,16,387.71,6203.36,Larissa,Boleto
113,2024-05-30,Shoes,Clothing,85,502.61,42721.85,Pedro,Pix
114,2024-04-04,Headphone,Electronics,91,135.8,12357.8,Larissa,Debit Card
115,2024-11-25,Laptop,Electronics,78,129.3,10085.4,Lucas,Credit Card
116,2024-09-21,Mouse,Electronics,99,455.41,45085.59,Jose,Pix
117,2024-06-03,T-shirt,Clothing,35,350.74,12275.9,Julia,Paypal
118,2024-11-30,T-shirt,Clothing,26,18.24,474.24,Pedro,Debit Card
119,2024-05-18,Book,Books,94,287.94,27066.36,Mariana,Credit Card
120,2024-09-01,Book,Books,56,282.33,15810.48,Mariana,Pix
121,2024-12-31,Mouse,Electronics,98,353.21,34614.58,Julia,Transfer
122,2024-05-24,Headphone,Electronics,54,228.56,12342.24,Jose,Credit Card
123,2024-10-15,Pants,Clothing,73,60.93,4447.89,Larissa,Paypal
124,2024-12-21,T-shirt,Clothing,80,132.97,10637.6,Carlos,Pix
125,2024-12-23,Hat,Clothing,21,196.42,4124.82,Jose,Pix
126,2024-01-04,Pants,Clothing,32,280.13,8964.16,Carlos,Debit Card
127,2024-01-11,Shoes,Clothing,96,251.63,24156.48,Julia,Pix
128,2024-05-29,Mouse,Electronics,78,326.76,25487.28,Mariana,Transfer
129,2024-06-29,Book,Books,19,56.91,1081.29,Lucas,Boleto
130,2024-05-10,Shoes,Clothing,48,123.05,5906.4,Ana,Paypal
131,2024-03-02,Laptop,Electronics,65,371.67,24158.55,Lucas,Transfer
132,2024-04-15,backpack,Accessories,73,306.43,22369.39,Mariana,Boleto
133,2024-08-02,Shoes,Clothing,29,141.32,4098.28,Maria,Pix
134,2024-11-27,Socks,Clothing,62,315.26,19546.12,Ana,Paypal
135,2024-03-22,Shoes,Clothing,3,354.49,1063.47,Jose,Credit Card
136,2024-02-13,Laptop,Electronics,88,223.3,19650.4,Maria,Paypal
137,2024-12-21,Hat,Clothing,88,275.69,24260.72,Maria,Credit Card
138,2024-04-22,Headphone,Electronics,54,335.17,18099.18,Joao,Transfer
139,2024-03-06,Laptop,Electronics,57,210.64,12006.48,Jose,Credit Card
140,2024-03-04,Laptop,Electronics,71,79.9,5672.9,Joao,Boleto
141,2024-04-10,Hat,Clothing,25,46.99,1174.75,Ana,Pix
142,2024-10-24,Laptop,Electronics,97,163.27,15837.19,Maria,Transfer
143,2024-03-05,Mouse,Electronics,22,459.87,10117.14,Mariana,Paypal
144,2024-04-12,Laptop,Electronics,86,61.0,5246.0,Lucas,Pix
145,2024-09-06,Shoes,Clothing,85,519.19,44131.15,Julia,Boleto
146,2024-10-21,Mouse,Electronics,79,388.34,30678.86,Carlos,Credit Card
147,2024-03-20,Laptop,Electronics,20,39.45,789.0,Pedro,Debit Card
148,2024-02-14,Headphone,Electronics,35,304.24,10648.4,Lucas,Debit Card
149,2024-09-01,Pants,Clothing,25,553.79,13844.75,Julia,Paypal
150,2024-01-30,backpack,Accessories,76,206.14,15666.64,Mariana,Credit Card
151,2024-03-12,Laptop,Electronics,94,277.76,26109.44,Carlos,Pix
152,2024-04-19,Pants,Clothing,35,194.45,6805.75,Maria,Boleto
153,2024-04-21,Book,Books,18,471.22,8481.96,Pedro,Credit Card
154,2024-06-27,Shoes,Clothing,94,114.67,10778.98,Jose,Boleto
155,2024-09-16,Headphone,Electronics,96,27.56,2645.76,Mariana,Debit Card
156,2024-06-11,backpack,Accessories,93,456.16,42422.88,Jose,Boleto
157,2024-07-17,Pants,Clothing,95,576.64,54780.8,Pedro,Debit Card
158,2024-03-01,Shoes,Clothing,35,578.73,20255.55,Pedro,Pix
159,2024-12-28,Headphone,Electronics,8,110.57,884.56,Julia,Debit Card
160,2024-11-04,Shoes,Clothing,46,234.49,10786.54,Larissa,Paypal
161,2024-03-16,Shoes,Clothing,26,389.81,10135.06,Julia,Credit Card
162,2024-11-08,Shoes,Clothing,4,295.64,1182.56,Larissa,Paypal
163,2024-10-28,Socks,Clothing,51,540.99,27590.49,Ana,Debit Card
164,2024-06-03,Headphone,Electronics,57,411.76,23470.32,Pedro,Credit Card
165,2024-08-31,Socks,Clothing,100,337.37,33737.0,Julia,Boleto
166,2024-12-12,Socks,Clothing,50,526.83,26341.5,Mariana,Debit Card
167,2024-07-29,Book,Books,83,186.77,15501.91,Larissa,Pix
168,2024-10-27,Headphone,Electronics,53,105.14,5572.42,Lucas,Boleto
169,2024-03-04,Shoes,Clothing,5,334.48,1672.4,Lucas,Boleto
170,2024-09-17,Pants,Clothing,42,99.06,4160.52,Pedro,Credit Card
171,2024-03-29,Pants,Clothing,19,133.7,2540.3,Ana,Debit Card
172,2024-05-19,Mouse,Electronics,40,494.58,19783.2,Julia,Debit Card
173,2024-12-20,Socks,Clothing,12,519.49,6233.88,Larissa,Pix
174,2024-05-11,Socks,Clothing,99,102.02,10099.98,Maria,Credit Card
175,2024-06-09,Socks,Clothing,2,533.53,1067.06,Jose,Credit Card
176,2024-12-02,Headphone,Electronics,28,26.22,734.16,Larissa,Boleto
177,2024-02-29,Mouse,Electronics,49,72.85,3569.65,Mariana,Transfer
178,2024-11-07,Book,Books,70,420.24,29416.8,Maria,Debit Card
179,2024-06-15,T-shirt,Clothing,94,392.23,36869.62,Pedro,Paypal
180,2024-08-19,Laptop,Electronics,67,20.98,1405.66,Carlos,Debit Card
181,2024-04-05,T-shirt,Clothing,92,110.27,10144.84,Carlos,Boleto
182,2024-01-22,backpack,Accessories,68,502.62,34178.16,Joao,Credit Card
183,2024-10-18,Book,Books,23,400.02,9200.46,Jose,Paypal
184,2024-06-20,Laptop,Electronics,60,251.93,15115.8,Pedro,Paypal
185,2024-08-02,Hat,Clothing,50,495.06,24753.0,Larissa,Debit Card
186,2024-04-03,Pants,Clothing,61,438.98,26777.78,Ana,Transfer
187,2024-05-14,T-shirt,Clothing,57,479.36,27323.52,Maria,Pix
188,2024-01-04,Headphone,Electronics,80,272.54,21803.2,Jose,Paypal
189,2024-06-20,Shoes,Clothing,69,56.07,3868.83,Ana,Credit Card
190,2024-01-07,Socks,Clothing,86,417.99,35947.14,Jose,Boleto
191,2024-09-28,backpack,Accessories,78,106.29,8290.62,Joao,Pix
192,2024-11-13,Laptop,Electronics,18,335.11,6031.98,Julia,Boleto
193,2024-10-03,Socks,Clothing,42,180.64,7586.88,Maria,Pix
194,2024-02-29,Socks,Clothing,15,106.79,1601.85,Pedro,Debit Card
195,2024-12-06,Shoes,Clothing,95,421.7,40061.5,Larissa,Paypal
196,2024-02-23,Hat,Clothing,64,375.71,24045.44,Carlos,Paypal
197,2024-10-09,T-shirt,Clothing,2,202.92,405.84,Carlos,Pix
198,2024-11-20,Shoes,Clothing,17,249.91,4248.47,Larissa,Paypal
199,2024-03-24,T-shirt,Clothing,86,513.6,44169.6,Lucas,Credit Card
200,2024-11-15,Hat,Clothing,35,486.42,17024.7,Lucas,Debit Card
201,2024-07-20,T-shirt,Clothing,38,125.67,4775.46,Jose,Paypal
202,2024-05-04,Shoes,Clothing,20,101.19,2023.8,Mariana,Paypal
203,2024-12-25,Mouse,Electronics,25,90.29,2257.25,Mariana,Boleto
204,2024-03-24,Book,Books,39,402.09,15681.51,Lucas,Boleto
205,2024-01-10,Socks,Clothing,22,17.86,392.92,Larissa,Pix
206,2024-08-02,Socks,Clothing,68,74.11,5039.48,Joao,Paypal
207,2024-11-28,Headphone,Electronics,49,370.01,18130.49,Julia,Transfer
208,2024-04-13,Mouse,Electronics,24,512.43,12298.32,Jose,Debit Card
209,2024-01-23,Pants,Clothing,45,531.96,23938.2,Pedro,Transfer
210,2024-03-12,Hat,Clothing,99,84.31,8346.69,Julia,Transfer
211,2024-04-01,Headphone,Electronics,56,220.17,12329.52,Jose,Pix
212,2024-03-23,Headphone,Electronics,71,144.07,10228.97,Julia,Paypal
213,2024-01-07,backpack,Accessories,21,191.87,4029.27,Joao,Boleto
214,2024-12-25,Book,Books,33,460.54,15197.82,Julia,Pix
215,2024-09-20,Book,Books,35,521.59,18255.65,Carlos,Transfer
216,2024-07-06,Socks,Clothing,73,60.25,4398.25,Ana,Credit Card
217,2024-01-02,Mouse,Electronics,3,60.72,182.16,Ana,Debit Card
218,2024-11-02,Headphone,Electronics,11,255.8,2813.8,Larissa,Boleto
219,2024-10-16,Socks,Clothing,5,106.48,532.4,Ana,Boleto
220,2024-01-30,Laptop,Electronics,41,430.57,17653.37,Mariana,Boleto
221,2024-04-25,Socks,Clothing,79,327.48,25870.92,Maria,Transfer
222,2024-01-05,Pants,Clothing,11,430.78,4738.58,Lucas,Debit Card
223,2024-11-15,backpack,Accessories,42,16.57,695.94,Jose,Pix
224,2024-06-22,Mouse,Electronics,39,147.43,5749.77,Jose,Paypal
225,2024-01-08,Pants,Clothing,87,40.94,3561.78,Joao,Pix
226,2024-08-12,Pants,Clothing,38,549.21,20869.98,Lucas,Paypal
227,2024-04-13,backpack,Accessories,61,544.81,33233.41,Maria,Boleto
228,2024-05-06,Headphone,Electronics,34,16.95,576.3,Julia,Credit Card
229,2024-04-16,Shoes,Clothing,40,229.47,9178.8,Mariana,Debit Card
230,2024-08-17,Shoes,Clothing,27,304.81,8229.87,Larissa,Credit Card
231,2024-10-07,Shoes,Clothing,18,530.37,9546.66,Pedro,Credit Card
232,2024-10-06,Headphone,Electronics,80,293.94,23515.2,Pedro,Pix
233,2024-08-22,Headphone,Electronics,59,97.03,5724.77,Maria,Paypal
234,2024-11-27,Headphone,Electronics,85,280.02,23801.7,Jose,Transfer
235,2024-07-17,Hat,Clothing,7,166.39,1164.73,Larissa,Transfer
236,2024-11-01,Laptop,Electronics,29,261.72,7589.88,Pedro,Transfer
237,2024-08-18,Shoes,Clothing,44,254.21,11185.24,Lucas,Debit Card
238,2024-12-18,T-shirt,Clothing,52,576.73,29989.96,Carlos,Credit Card
239,2024-10-24,Laptop,Electronics,57,178.69,10185.33,Pedro,Boleto
240,2024-03-20,T-shirt,Clothing,87,395.91,34444.17,Maria,Pix
241,2024-10-11,Hat,Clothing,93,501.26,46617.18,Carlos,Paypal
242,2024-08-30,Headphone,Electronics,96,372.77,35785.92,Joao,Boleto
243,2024-02-29,Socks,Clothing,4,497.04,1988.16,Lucas,Boleto
244,2024-12-02,Mouse,Electronics,100,447.35,44735.0,Mariana,Boleto
245,2024-11-22,Shoes,Clothing,5,36.41,182.05,Lucas,Paypal
246,2024-10-11,Hat,Clothing,79,489.23,38649.17,Carlos,Transfer
247,2024-12-16,Shoes,Clothing,15,106.58,1598.7,Carlos,Pix
248,2024-05-12,Pants,Clothing,46,468.21,21537.66,Julia,Debit Card
249,2024-05-27,Laptop,Electronics,59,446.51,26344.09,Joao,Paypal
250,2024-01-10,Book,Books,81,15.69,1270.89,Maria,Boleto
251,2024-01-24,T-shirt,Clothing,37,520.05,19241.85,Pedro,Paypal
252,2024-02-02,Laptop,Electronics,12,505.8,6069.6,Larissa,Pix
253,2024-10-29,Laptop,Electronics,18,216.97,3905.46,Ana,Credit Card
254,2024-09-01,Mouse,Electronics,63,61.93,3901.59,Lucas,Debit Card
255,2024-12-07,backpack,Accessories,1,42.09,42.09,Larissa,Credit Card
256,2024-06-07,Headphone,Electronics,27,448.0,12096.0,Joao,Credit Card
257,2024-12-25,backpack,Accessories,51,346.57,17675.07,Julia,Credit Card
258,2024-06-20,Socks,Clothing,96,479.11,45994.56,Pedro,Boleto
259,2024-09-04,Headphone,Electronics,44,269.77,11869.88,Jose,Transfer
260,2024-04-04,Hat,Clothing,53,547.54,29019.62,Lucas,Paypal
261,2024-09-30,Book,Books,46,464.56,21369.76,Pedro,Transfer
262,2024-03-14,Mouse,Electronics,100,87.79,8779.0,Jose,Boleto
263,2024-11-09,Hat,Clothing,60,423.43,25405.8,Mariana,Credit Card
264,2024-02-12,Laptop,Electronics,46,127.56,5867.76,Mariana,Debit Card
265,2024-06-21,Mouse,Electronics,25,226.2,5655.0,Joao,Boleto
266,2024-06-20,Headphone,Electronics,31,78.79,2442.49,Carlos,Debit Card
267,2024-02-22,Headphone,Electronics,70,325.62,22793.4,Mariana,Credit Card
268,2024-01-31,Mouse,Electronics,18,230.91,4156.38,Julia,Boleto
269,2024-09-04,Shoes,Clothing,82,403.7,33103.4,Lucas,Credit Card
270,2024-04-02,Mouse,Electronics,65,453.22,29459.3,Lucas,Pix
271,2024-05-27,T-shirt,Clothing,47,342.99,16120.53,Carlos,Debit Card
272,2024-02-02,Shoes,Clothing,18,197.59,3556.62,Julia,Transfer
273,2024-10-05,Shoes,Clothing,13,46.62,606.06,Joao,Pix
274,2024-12-30,Hat,Clothing,5,162.58,812.9,Lucas,Boleto
275,2024-02-25,backpack,Accessories,17,271.64,4617.88,Mariana,Debit Card
276,2024-11-09,Book,Books,57,490.96,27984.72,Jose,Debit Card
277,2024-02-06,Pants,Clothing,88,489.28,43056.64,Mariana,Paypal
278,2024-08-04,Mouse,Electronics,47,505.45,23756.15,Mariana,Paypal
279,2024-01-16,Headphone,Electronics,89,473.39,42131.71,Lucas,Debit Card
280,2024-02-16,Socks,Clothing,40,364.59,14583.6,Pedro,Pix
281,2024-07-21,T-shirt,Clothing,13,265.84,3455.92,Larissa,Paypal
282,2024-04-07,Headphone,Electronics,57,37.95,2163.15,Mariana,Paypal
283,2024-10-16,Headphone,Electronics,62,222.06,13767.72,Maria,Boleto
284,2024-06-23,Hat,Clothing,47,532.55,25029.85,Pedro,Transfer
285,2024-05-12,Shoes,Clothing,99,324.74,32149.26,Lucas,Pix
286,2024-10-28,Socks,Clothing,6,410.73,2464.38,Julia,Debit Card
287,2024-03-06,Book,Books,5,508.51,2542.55,Ana,Debit Card
288,2024-12-08,Headphone,Electronics,49,184.97,9063.53,Mariana,Pix
289,2024-04-13,Shoes,Clothing,92,383.67,35297.64,Joao,Transfer
290,2024-07-17,Pants,Clothing,65,305.89,19882.85,Lucas,Transfer
291,2024-04-14,Pants,Clothing,100,389.92,38992.0,Joao,Transfer
292,2024-01-27,Mouse,Electronics,91,98.31,8946.21,Carlos,Pix
293,2024-08-25,T-shirt,Clothing,10,288.61,2886.1,Carlos,Debit Card
294,2024-09-15,Pants,Clothing,15,468.07,7021.05,Larissa,Credit Card
295,2024-02-14,Pants,Clothing,86,489.35,42084.1,Mariana,Debit Card
296,2024-01-04,Pants,Clothing,32,61.69,1974.08,Ana,Credit Card
297,2024-02-06,Socks,Clothing,72,58.47,4209.84,Larissa,Boleto
298,2024-04-10,Socks,Clothing,84,177.55,14914.2,Mariana,Pix
299,2024-01-01,Shoes,Clothing,49,86.39,4233.11,Joao,Pix
300,2024-03-05,Headphone,Electronics,84,210.47,17679.48,Larissa,Debit Card
301,2024-08-16,Laptop,Electronics,36,175.46,6316.56,Mariana,Transfer
302,2024-11-18,Shoes,Clothing,92,65.55,6030.6,Ana,Pix
303,2024-10-21,Pants,Clothing,38,232.39,8830.82,Pedro,Paypal
304,2024-08-25,Headphone,Electronics,25,323.3,8082.5,Ana,Boleto
305,2024-07-08,Shoes,Clothing,82,316.41,25945.62,Carlos,Paypal
306,2024-12-04,Hat,Clothing,43,444.16,19098.88,Lucas,Boleto
307,2024-07-19,T-shirt,Clothing,16,550.22,8803.52,Ana,Paypal
308,2024-03-31,Socks,Clothing,9,49.23,443.07,Carlos,Boleto
309,2024-12-16,Shoes,Clothing,19,146.54,2784.26,Jose,Debit Card
310,2024-01-03,T-shirt,Clothing,71,447.98,31806.58,Mariana,Boleto
311,2024-02-24,T-shirt,Clothing,99,509.36,50426.64,Ana,Debit Card
312,2024-10-10,Shoes,Clothing,5,283.14,1415.7,Jose,Pix
313,2024-02-19,backpack,Accessories,20,395.07,7901.4,Julia,Transfer
314,2024-05-15,Book,Books,69,395.21,27269.49,Julia,Transfer
315,2024-01-09,Mouse,Electronics,74,330.76,24476.24,Julia,Transfer
316,2024-03-17,Laptop,Electronics,96,54.49,5231.04,Maria,Debit Card
317,2024-10-16,Pants,Clothing,91,265.61,24170.51,Lucas,Credit Card
318,2024-07-26,Laptop,Electronics,63,519.9,32753.7,Jose,Pix
319,2024-11-26,Hat,Clothing,45,410.57,18475.65,Julia,Debit Card
320,2024-04-23,Shoes,Clothing,31,251.5,7796.5,Maria,Paypal
321,2024-09-14,Headphone,Electronics,44,164.17,7223.48,Joao,Transfer
322,2024-03-22,Shoes,Clothing,44,336.2,14792.8,Ana,Boleto
323,2024-01-05,Headphone,Electronics,96,187.68,18017.28,Joao,Debit Card
324,2024-04-30,Socks,Clothing,9,90.14,811.26,Maria,Credit Card
325,2024-11-28,Book,Books,64,179.77,11505.28,Ana,Paypal
326,2024-06-19,Socks,Clothing,6,137.59,825.54,Carlos,Boleto
327,2024-01-02,Socks,Clothing,52,474.2,24658.4,Joao,Boleto
328,2024-11-25,Book,Books,65,151.86,9870.9,Carlos,Paypal
329,2024-04-07,Headphone,Electronics,46,322.68,14843.28,Lucas,Debit Card
330,2024-07-21,Socks,Clothing,38,463.41,17609.58,Pedro,Debit Card
331,2024-07-20,Socks,Clothing,65,386.2,25103.0,Joao,Boleto
332,2024-03-27,Mouse,Electronics,25,348.33,8708.25,Carlos,Credit Card
333,2024-04-12,backpack,Accessories,65,319.52,20768.8,Julia,Pix
334,2024-10-10,Hat,Clothing,61,165.95,10122.95,Julia,Paypal
335,2024-07-31,T-shirt,Clothing,86,357.41,30737.26,Joao,Pix
336,2024-04-15,Hat,Clothing,83,439.25,36457.75,Maria,Paypal
337,2024-08-13,Laptop,Electronics,33,225.32,7435.56,Julia,Transfer
338,2024-05-23,Headphone,Electronics,86,189.05,16258.3,Larissa,Transfer
339,2024-05-20,Pants,Clothing,47,226.65,10652.55,Julia,Boleto
340,2024-10-14,Headphone,Electronics,26,374.39,9734.14,Lucas,Debit Card
341,2024-07-17,Shoes,Clothing,61,206.98,12625.78,Mariana,Transfer
342,2024-10-19,Socks,Clothing,82,323.89,26558.98,Carlos,Debit Card
343,2024-11-20,Socks,Clothing,67,391.6,26237.2,Ana,Pix
344,2024-01-18,Socks,Clothing,78,387.0,30186.0,Carlos,Debit Card
345,2024-06-22,T-shirt,Clothing,90,332.17,29895.3,Maria,Boleto
346,2024-12-18,Book,Books,95,220.13,20912.35,Ana,Transfer
347,2024-01-06,Mouse,Electronics,48,573.69,27537.12,Lucas,Transfer
348,2024-11-28,Book,Books,33,215.28,7104.24,Lucas,Transfer
349,2024-07-29,T-shirt,Clothing,24,151.62,3638.88,Jose,Credit Card
350,2024-04-14,Laptop,Electronics,100,545.78,54578.0,Jose,Credit Card
351,2024-12-14,backpack,Accessories,82,509.86,41808.52,Larissa,Paypal
352,2024-02-05,Socks,Clothing,70,93.18,6522.6,Julia,Credit Card
353,2024-01-07,Pants,Clothing,71,391.41,27790.11,Julia,Boleto
354,2024-08-11,Book,Books,90,349.17,31425.3,Lucas,Paypal
355,2024-01-15,Mouse,Electronics,89,348.8,31043.2,Carlos,Pix
356,2024-09-14,Shoes,Clothing,48,370.51,17784.48,Pedro,Debit Card
357,2024-02-09,Shoes,Clothing,70,138.24,9676.8,Larissa,Paypal
358,2024-07-05,Shoes,Clothing,36,259.75,9351.0,Jose,Pix
359,2024-12-25,Hat,Clothing,5,466.84,2334.2,Maria,Boleto
360,2024-11-19,Headphone,Electronics,95,321.15,30509.25,Pedro,Credit Card
361,2024-06-11,Mouse,Electronics,43,189.88,8164.84,Carlos,Boleto
362,2024-07-21,T-shirt,Clothing,42,338.77,14228.34,Joao,Credit Card
363,2024-08-15,Headphone,Electronics,71,369.48,26233.08,Ana,Transfer
364,2024-09-30,Mouse,Electronics,21,287.65,6040.65,Lucas,Transfer
365,2024-01-04,Hat,Clothing,21,391.78,8227.38,Carlos,Debit Card
366,2024-03-19,Headphone,Electronics,96,155.76,14952.96,Larissa,Paypal
367,2024-11-20,Laptop,Electronics,31,115.84,3591.04,Mariana,Debit Card
368,2024-07-23,Pants,Clothing,20,465.15,9303.0,Larissa,Transfer
369,2024-04-14,Book,Books,50,485.6,24280.0,Maria,Transfer
370,2024-05-05,Headphone,Electronics,78,191.86,14965.08,Maria,Credit Card
371,2024-05-31,Mouse,Electronics,37,53.8,1990.6,Mariana,Credit Card
372,2024-09-13,Hat,Clothing,73,232.33,16960.09,Julia,Boleto
373,2024-07-30,Headphone,Electronics,76,535.06,40664.56,Pedro,Debit Card
374,2024-04-23,Socks,Clothing,57,545.92,31117.44,Joao,Transfer
375,2024-01-16,Socks,Clothing,75,379.42,28456.5,Joao,Transfer
376,2024-12-22,Book,Books,50,151.69,7584.5,Pedro,Paypal
377,2024-12-27,backpack,Accessories,45,545.43,24544.35,Mariana,Credit Card
378,2024-02-23,Headphone,Electronics,74,123.75,9157.5,Carlos,Paypal
379,2024-04-30,Book,Books,100,33.91,3391.0,Lucas,Transfer
380,2024-08-27,Laptop,Electronics,57,425.31,24242.67,Larissa,Credit Card
381,2024-09-30,Shoes,Clothing,76,271.65,20645.4,Larissa,Pix
382,2024-07-31,Socks,Clothing,65,23.36,1518.4,Jose,Pix
383,2024-09-05,Book,Books,28,496.97,13915.16,Ana,Paypal
384,2024-08-26,Laptop,Electronics,10,439.88,4398.8,Julia,Pix
385,2024-04-22,backpack,Accessories,22,107.01,2354.22,Mariana,Pix
386,2024-06-03,Laptop,Electronics,89,87.82,7815.98,Pedro,Boleto
387,2024-09-09,T-shirt,Clothing,91,47.76,4346.16,Ana,Credit Card
388,2024-03-04,Headphone,Electronics,63,154.29,9720.27,Carlos,Boleto
389,2024-11-06,Hat,Clothing,97,523.81,50809.57,Pedro,Debit Card
390,2024-12-06,Shoes,Clothing,61,342.23,20876.03,Mariana,Pix
391,2024-02-20,Laptop,Electronics,15,282.36,4235.4,Pedro,Boleto
392,2024-06-02,backpack,Accessories,62,412.0,25544.0,Lucas,Credit Card
393,2024-12-29,Pants,Clothing,54,452.8,24451.2,Larissa,Pix
394,2024-08-01,Headphone,Electronics,85,510.48,43390.8,Maria,Debit Card
395,2024-07-01,Hat,Clothing,11,567.4,6241.4,Ana,Pix
396,2024-04-04,Mouse,Electronics,64,448.02,28673.28,Jose,Pix
397,2024-11-15,backpack,Accessories,37,274.25,10147.25,Mariana,Debit Card
398,2024-07-31,T-shirt,Clothing,29,431.65,12517.85,Julia,Paypal
399,2024-03-17,T-shirt,Clothing,26,27.23,707.98,Carlos,Pix
400,2024-06-28,backpack,Accessories,87,256.17,22286.79,Maria,Credit Card
401,2024-02-28,Socks,Clothing,33,433.58,14308.14,Lucas,Paypal
402,2024-10-31,Socks,Clothing,83,357.31,29656.73,Larissa,Transfer
403,2024-09-19,Shoes,Clothing,52,405.22,21071.44,Larissa,Boleto
404,2024-04-15,Hat,Clothing,97,195.54,18967.38,Carlos,Debit Card
405,2024-09-18,Socks,Clothing,24,579.27,13902.48,Maria,Pix
406,2024-01-31,Mouse,Electronics,34,242.33,8239.22,Mariana,Transfer
407,2024-03-03,Socks,Clothing,6,509.93,3059.58,Ana,Transfer
408,2024-12-24,Pants,Clothing,73,333.82,24368.86,Lucas,Credit Card
409,2024-12-31,T-shirt,Clothing,74,47.1,3485.4,Mariana,Pix
410,2024-07-12,Socks,Clothing,100,230.38,23038.0,Pedro,Paypal
411,2024-01-17,Hat,Clothing,70,127.76,8943.2,Julia,Credit Card
412,2024-08-15,Socks,Clothing,25,365.05,9126.25,Lucas,Credit Card
413,2024-08-06,Headphone,Electronics,27,266.79,7203.33,Carlos,Credit Card
414,2024-06-20,Headphone,Electronics,21,550.81,11567.01,Larissa,Boleto
415,2024-02-09,backpack,Accessories,6,547.08,3282.48,Maria,Pix
416,2024-07-22,T-shirt,Clothing,29,134.52,3901.08,Jose,Credit Card
417,2024-07-24,T-shirt,Clothing,64,362.5,23200.0,Maria,Credit Card
418,2024-03-16,Socks,Clothing,17,314.53,5347.01,Julia,Boleto
419,2024-07-24,backpack,Accessories,65,180.78,11750.7,Julia,Boleto
420,2024-08-22,Headphone,Electronics,29,116.49,3378.21,Julia,Pix
421,2024-05-14,Headphone,Electronics,69,226.21,15608.49,Pedro,Credit Card
422,2024-02-03,Socks,Clothing,12,330.03,3960.36,Maria,Boleto
423,2024-09-26,Socks,Clothing,80,576.65,46132.0,Maria,Transfer
424,2024-03-06,Headphone,Electronics,15,177.99,2669.85,Larissa,Credit Card
425,2024-05-16,Shoes,Clothing,100,50.04,5004.0,Jose,Transfer
426,2024-08-27,Socks,Clothing,19,530.75,10084.25,Mariana,Paypal
427,2024-08-10,Shoes,Clothing,94,283.83,26680.02,Lucas,Boleto
428,2024-02-01,Book,Books,22,103.74,2282.28,Pedro,Pix
429,2024-05-22,Socks,Clothing,71,337.71,23977.41,Julia,Credit Card
430,2024-03-10,Mouse,Electronics,11,567.98,6247.78,Ana,Credit Card
431,2024-08-04,Laptop,Electronics,43,465.66,20023.38,Lucas,Boleto
432,2024-01-13,Hat,Clothing,45,479.11,21559.95,Maria,Credit Card
433,2024-05-06,Laptop,Electronics,44,515.06,22662.64,Ana,Debit Card
434,2024-06-09,Headphone,Electronics,54,199.75,10786.5,Joao,Credit Card
435,2024-05-07,Hat,Clothing,31,489.84,15185.04,Julia,Boleto
436,2024-10-15,Hat,Clothing,24,80.58,1933.92,Julia,Debit Card
437,2024-09-29,Headphone,Electronics,56,409.52,22933.12,Jose,Transfer
438,2024-06-12,Headphone,Electronics,56,372.04,20834.24,Mariana,Pix
439,2024-07-24,Pants,Clothing,82,389.73,31957.86,Maria,Debit Card
440,2024-04-09,T-shirt,Clothing,28,168.59,4720.52,Jose,Boleto
441,2024-02-28,Mouse,Electronics,74,335.33,24814.42,Joao,Debit Card
442,2024-03-27,Mouse,Electronics,86,198.1,17036.6,Carlos,Credit Card
443,2024-01-06,T-shirt,Clothing,15,259.16,3887.4,Jose,Credit Card
444,2024-08-03,Headphone,Electronics,47,157.81,7417.07,Mariana,Boleto
445,2024-03-27,Headphone,Electronics,60,171.76,10305.6,Pedro,Paypal
446,2024-10-14,Mouse,Electronics,26,427.82,11123.32,Ana,Paypal
447,2024-04-07,Book,Books,85,37.41,3179.85,Larissa,Credit Card
448,2024-04-06,Shoes,Clothing,5,462.19,2310.95,Pedro,Paypal
449,2024-07-13,Book,Books,52,86.38,4491.76,Maria,Credit Card
450,2024-03-23,T-shirt,Clothing,37,470.96,17425.52,Mariana,Paypal
451,2024-09-27,Laptop,Electronics,29,566.57,16430.53,Lucas,Transfer
452,2024-06-11,Shoes,Clothing,88,394.92,34752.96,Julia,Transfer
453,2024-09-10,Book,Books,20,394.02,7880.4,Carlos,Transfer
454,2024-03-04,Book,Books,79,12.75,1007.25,Mariana,Pix
455,2024-02-26,Socks,Clothing,99,413.33,40919.67,Maria,Credit Card
456,2024-05-08,Socks,Clothing,64,375.67,24042.88,Mariana,Paypal
457,2024-11-21,Socks,Clothing,97,336.85,32674.45,Mariana,Transfer
458,2024-02-20,Pants,Clothing,36,230.81,8309.16,Ana,Pix
459,2024-05-22,Shoes,Clothing,48,276.61,13277.28,Julia,Transfer
460,2024-02-01,Shoes,Clothing,65,333.9,21703.5,Pedro,Boleto
461,2024-03-17,Socks,Clothing,1,90.34,90.34,Ana,Transfer
462,2024-04-09,Hat,Clothing,48,78.07,3747.36,Pedro,Debit Card
463,2024-09-15,Mouse,Electronics,78,491.26,38318.28,Pedro,Pix
464,2024-12-03,Pants,Clothing,48,370.45,17781.6,Joao,Boleto
465,2024-07-07,Shoes,Clothing,61,562.1,34288.1,Julia,Pix
466,2024-06-04,T-shirt,Clothing,67,309.58,20741.86,Lucas,Credit Card
467,2024-11-24,Book,Books,85,92.92,7898.2,Pedro,Debit Card
468,2024-02-04,Book,Books,20,544.39,10887.8,Lucas,Credit Card
469,2024-07-04,Laptop,Electronics,13,353.5,4595.5,Pedro,Boleto
470,2024-01-28,Shoes,Clothing,86,118.05,10152.3,Mariana,Paypal
471,2024-12-04,Hat,Clothing,54,384.16,20744.64,Mariana,Paypal
472,2024-03-04,T-shirt,Clothing,17,89.72,1525.24,Joao,Transfer
473,2024-08-11,Mouse,Electronics,20,120.69,2413.8,Carlos,Paypal
474,2024-05-16,Hat,Clothing,48,150.85,7240.8,Mariana,Boleto
475,2024-01-08,Pants,Clothing,49,325.54,15951.46,Lucas,Credit Card
476,2024-05-09,Mouse,Electronics,31,564.34,17494.54,Mariana,Pix
477,2024-06-10,Mouse,Electronics,58,223.34,12953.72,Maria,Paypal
478,2024-04-17,Pants,Clothing,2,406.66,813.32,Julia,Boleto
479,2024-07-25,backpack,Accessories,68,432.7,29423.6,Carlos,Paypal
480,2024-04-17,Socks,Clothing,25,574.88,14372.0,Lucas,Debit Card
481,2024-01-28,Hat,Clothing,54,471.52,25462.08,Jose,Debit Card
482,2024-10-07,T-shirt,Clothing,89,132.55,11796.95,Pedro,Pix
483,2024-04-17,Shoes,Clothing,28,309.07,8653.96,Maria,Credit Card
484,2024-01-31,Shoes,Clothing,88,75.17,6614.96,Pedro,Credit Card
485,2024-07-10,Book,Books,72,470.12,33848.64,Pedro,Debit Card
486,2024-06-03,T-shirt,Clothing,6,219.95,1319.7,Maria,Debit Card
487,2024-06-11,Hat,Clothing,16,298.68,4778.88,Maria,Credit Card
488,2024-06-15,Book,Books,84,498.26,41853.84,Ana,Credit Card
489,2024-11-13,Pants,Clothing,72,399.7,28778.4,Jose,Paypal
490,2024-03-02,backpack,Accessories,47,517.84,24338.48,Carlos,Debit Card
491,2024-04-09,Book,Books,99,432.93,42860.07,Jose,Paypal
492,2024-11-19,Hat,Clothing,5,141.03,705.15,Mariana,Pix
493,2024-06-21,backpack,Accessories,66,563.72,37205.52,Pedro,Transfer
494,2024-08-14,Laptop,Electronics,100,352.28,35228.0,Larissa,Transfer
495,2024-02-04,Shoes,Clothing,68,396.49,26961.32,Carlos,Paypal
496,2024-03-25,Shoes,Clothing,31,308.28,9556.68,Ana,Pix
497,2024-03-15,Socks,Clothing,50,115.98,5799.0,Julia,Boleto
498,2024-12-13,Mouse,Electronics,88,76.08,6695.04,Jose,Paypal
499,2024-01-25,Book,Books,55,391.19,21515.45,Larissa,Credit Card
500,2024-02-08,Headphone,Electronics,60,185.59,11135.4,Joao,Paypal
501,2024-01-18,Mouse,Electronics,95,168.01,15960.95,Ana,Credit Card
502,2024-02-22,Mouse,Electronics,67,158.37,10610.79,Ana,Debit Card
503,2024-02-11,Laptop,Electronics,70,367.75,25742.5,Larissa,Paypal
504,2024-08-16,Book,Books,31,164.25,5091.75,Joao,Paypal
505,2024-10-02,backpack,Accessories,5,508.09,2540.45,Ana,Credit Card
506,2024-09-03,Shoes,Clothing,67,342.48,22946.16,Jose,Pix
507,2024-12-26,backpack,Accessories,31,384.12,11907.72,Ana,Transfer
508,2024-07-05,Book,Books,5,498.18,2490.9,Carlos,Boleto
509,2024-04-09,Pants,Clothing,22,196.67,4326.74,Ana,Transfer
510,2024-07-01,Headphone,Electronics,61,54.84,3345.24,Ana,Credit Card
511,2024-08-13,Headphone,Electronics,20,24.22,484.4,Maria,Credit Card
512,2024-11-06,Socks,Clothing,29,348.46,10105.34,Jose,Boleto
513,2024-04-18,Book,Books,9,171.34,1542.06,Mariana,Boleto
514,2024-05-05,Shoes,Clothing,82,103.31,8471.42,Pedro,Pix
515,2024-09-27,Headphone,Electronics,55,150.22,8262.1,Mariana,Debit Card
516,2024-03-09,Pants,Clothing,4,186.47,745.88,Ana,Credit Card
517,2024-07-29,Laptop,Electronics,97,144.88,14053.36,Carlos,Pix
518,2024-02-08,Shoes,Clothing,97,107.48,10425.56,Maria,Boleto
519,2024-11-08,T-shirt,Clothing,7,480.54,3363.78,Mariana,Debit Card
520,2024-01-03,Pants,Clothing,70,35.72,2500.4,Ana,Boleto
521,2024-02-19,Pants,Clothing,42,577.42,24251.64,Pedro,Debit Card
522,2024-10-23,Book,Books,64,298.03,19073.92,Ana,Debit Card
523,2024-01-30,Pants,Clothing,28,76.65,2146.2,Larissa,Paypal
524,2024-06-10,Shoes,Clothing,32,382.5,12240.0,Mariana,Transfer
525,2024-03-02,Hat,Clothing,51,187.7,9572.7,Carlos,Transfer
526,2024-07-09,Book,Books,83,389.85,32357.55,Jose,Credit Card
527,2024-10-31,T-shirt,Clothing,63,106.74,6724.62,Lucas,Transfer
528,2024-08-07,Book,Books,43,391.11,16817.73,Ana,Debit Card
529,2024-12-12,Pants,Clothing,5,422.94,2114.7,Joao,Paypal
530,2024-09-04,Hat,Clothing,27,15.78,426.06,Jose,Transfer
531,2024-02-29,T-shirt,Clothing,45,265.97,11968.65,Jose,Paypal
532,2024-09-30,backpack,Accessories,84,179.64,15089.76,Jose,Debit Card
533,2024-12-25,Hat,Clothing,54,15.97,862.38,Carlos,Transfer
534,2024-11-12,Book,Books,75,101.36,7602.0,Jose,Boleto
535,2024-10-05,backpack,Accessories,83,569.55,47272.65,Mariana,Boleto
536,2024-10-04,Headphone,Electronics,65,326.06,21193.9,Jose,Credit Card
537,2024-05-23,Pants,Clothing,16,468.54,7496.64,Maria,Credit Card
538,2024-04-05,backpack,Accessories,62,384.12,23815.44,Carlos,Transfer
539,2024-03-14,Shoes,Clothing,13,502.98,6538.74,Maria,Credit Card
540,2024-07-30,Socks,Clothing,15,512.79,7691.85,Lucas,Pix
541,2024-06-09,Pants,Clothing,90,393.48,35413.2,Ana,Paypal
542,2024-06-05,Shoes,Clothing,7,513.45,3594.15,Jose,Debit Card
543,2024-02-18,Book,Books,67,15.87,1063.29,Jose,Credit Card
544,2024-04-09,Hat,Clothing,45,294.29,13243.05,Julia,Transfer
545,2024-03-23,Headphone,Electronics,73,529.63,38662.99,Lucas,Boleto
546,2024-08-02,Socks,Clothing,17,320.29,5444.93,Larissa,Credit Card
547,2024-06-27,backpack,Accessories,60,227.68,13660.8,Lucas,Debit Card
548,2024-10-30,Mouse,Electronics,94,288.19,27089.86,Larissa,Pix
549,2024-09-19,Pants,Clothing,28,545.57,15275.96,Maria,Transfer
550,2024-10-07,Book,Books,3,543.57,1630.71,Mariana,Pix
551,2024-03-12,Headphone,Electronics,87,76.81,6682.47,Lucas,Credit Card
552,2024-06-25,T-shirt,Clothing,28,78.3,2192.4,Joao,Debit Card
553,2024-03-01,Mouse,Electronics,19,550.03,10450.57,Joao,Credit Card
554,2024-05-04,backpack,Accessories,71,484.75,34417.25,Pedro,Transfer
555,2024-12-06,Book,Books,66,302.52,19966.32,Maria,Boleto
556,2024-09-16,Socks,Clothing,74,37.25,2756.5,Maria,Debit Card
557,2024-09-11,Hat,Clothing,92,484.12,44539.04,Larissa,Transfer
558,2024-12-19,T-shirt,Clothing,89,402.84,35852.76,Ana,Boleto
559,2024-10-22,Socks,Clothing,39,277.01,10803.39,Joao,Boleto
560,2024-01-29,T-shirt,Clothing,30,470.01,14100.3,Jose,Paypal
561,2024-06-26,Book,Books,54,379.95,20517.3,Carlos,Credit Card
562,2024-10-03,Socks,Clothing,18,239.37,4308.66,Pedro,Paypal
563,2024-11-25,Socks,Clothing,65,358.29,23288.85,Jose,Paypal
564,2024-06-10,Pants,Clothing,31,265.36,8226.16,Julia,Paypal
565,2024-01-22,Hat,Clothing,30,314.2,9426.0,Julia,Paypal
566,2024-07-02,Laptop,Electronics,23,403.97,9291.31,Ana,Debit Card
567,2024-08-24,Book,Books,72,549.27,39547.44,Mariana,Boleto
568,2024-05-21,backpack,Accessories,37,351.21,12994.77,Larissa,Debit Card
569,2024-11-11,backpack,Accessories,25,201.35,5033.75,Pedro,Boleto
570,2024-09-07,Headphone,Electronics,29,149.4,4332.6,Jose,Boleto
571,2024-01-26,Socks,Clothing,30,444.89,13346.7,Jose,Credit Card
572,2024-12-23,T-shirt,Clothing,43,302.62,13012.66,Pedro,Paypal
573,2024-04-12,Laptop,Electronics,35,288.03,10081.05,Jose,Boleto
574,2024-05-10,Laptop,Electronics,37,246.72,9128.64,Ana,Boleto
575,2024-12-18,Shoes,Clothing,81,80.03,6482.43,Ana,Pix
576,2024-10-24,Laptop,Electronics,68,73.55,5001.4,Maria,Pix
577,2024-12-15,Shoes,Clothing,45,537.45,24185.25,Mariana,Pix
578,2024-12-17,backpack,Accessories,13,308.34,4008.42,Larissa,Transfer
579,2024-01-23,Pants,Clothing,19,59.87,1137.53,Lucas,Transfer
580,2024-06-19,Pants,Clothing,58,324.28,18808.24,Jose,Pix
581,2024-09-28,Pants,Clothing,79,401.71,31735.09,Julia,Boleto
582,2024-10-01,Shoes,Clothing,48,40.52,1944.96,Lucas,Debit Card
583,2024-03-16,Pants,Clothing,11,146.71,1613.81,Joao,Transfer
584,2024-07-02,Laptop,Electronics,17,446.96,7598.32,Ana,Boleto
585,2024-12-01,Socks,Clothing,77,182.97,14088.69,Julia,Debit Card
586,2024-11-04,Pants,Clothing,58,263.62,15289.96,Jose,Credit Card
587,2024-03-24,Hat,Clothing,22,513.36,11293.92,Pedro,Pix
588,2024-04-10,Headphone,Electronics,78,401.96,31352.88,Joao,Boleto
589,2024-09-25,Pants,Clothing,39,264.47,10314.33,Julia,Debit Card
590,2024-11-23,Book,Books,41,341.18,13988.38,Maria,Pix
591,2024-10-26,Headphone,Electronics,31,523.88,16240.28,Mariana,Credit Card
592,2024-12-18,Socks,Clothing,42,51.43,2160.06,Joao,Transfer
593,2024-04-10,T-shirt,Clothing,78,245.79,19171.62,Carlos,Transfer
594,2024-10-23,Hat,Clothing,32,183.8,5881.6,Ana,Credit Card
595,2024-01-15,backpack,Accessories,53,492.06,26079.18,Joao,Debit Card
596,2024-09-01,Laptop,Electronics,78,256.13,19978.14,Julia,Credit Card
597,2024-11-11,T-shirt,Clothing,16,293.52,4696.32,Joao,Boleto
598,2024-06-18,Socks,Clothing,53,74.45,3945.85,Mariana,Credit Card
599,2024-06-15,Laptop,Electronics,69,113.54,7834.26,Julia,Transfer
600,2024-12-15,Pants,Clothing,29,145.36,4215.44,Maria,Boleto
601,2024-02-03,Laptop,Electronics,9,204.42,1839.78,Larissa,Paypal
602,2024-05-27,Shoes,Clothing,26,185.72,4828.72,Joao,Credit Card
603,2024-12-13,Pants,Clothing,69,164.17,11327.73,Lucas,Transfer
604,2024-01-08,Mouse,Electronics,6,481.23,2887.38,Mariana,Debit Card
605,2024-01-22,T-shirt,Clothing,47,556.53,26156.91,Jose,Boleto
606,2024-03-26,Laptop,Electronics,100,17.86,1786.0,Maria,Debit Card
607,2024-05-06,Pants,Clothing,21,446.21,9370.41,Maria,Paypal
608,2024-10-06,Book,Books,63,462.5,29137.5,Jose,Credit Card
609,2024-03-23,Pants,Clothing,46,81.28,3738.88,Mariana,Debit Card
610,2024-06-07,Shoes,Clothing,2,567.04,1134.08,Maria,Credit Card
611,2024-03-15,Mouse,Electronics,60,127.12,7627.2,Julia,Paypal
612,2024-06-19,Mouse,Electronics,54,432.48,23353.92,Pedro,Boleto
613,2024-03-09,backpack,Accessories,31,233.33,7233.23,Joao,Credit Card
614,2024-09-20,Mouse,Electronics,7,477.93,3345.51,Joao,Boleto
615,2024-05-09,T-shirt,Clothing,3,400.2,1200.6,Julia,Boleto
616,2024-02-21,Headphone,Electronics,2,364.78,729.56,Pedro,Credit Card
617,2024-07-09,Headphone,Electronics,77,473.69,36474.13,Carlos,Transfer
618,2024-07-24,backpack,Accessories,3,167.01,501.03,Carlos,Boleto
619,2024-09-16,Pants,Clothing,39,384.17,14982.63,Larissa,Pix
620,2024-03-12,Socks,Clothing,26,296.31,7704.06,Lucas,Paypal
621,2024-11-28,Book,Books,68,96.25,6545.0,Ana,Credit Card
622,2024-09-06,Headphone,Electronics,34,103.12,3506.08,Maria,Pix
623,2024-04-25,Mouse,Electronics,57,12.15,692.55,Pedro,Paypal
624,2024-07-12,Mouse,Electronics,41,155.68,6382.88,Larissa,Boleto
625,2024-11-03,Laptop,Electronics,5,47.93,239.65,Maria,Pix
626,2024-08-01,Shoes,Clothing,63,183.25,11544.75,Carlos,Boleto
627,2024-11-27,Socks,Clothing,34,253.78,8628.52,Mariana,Boleto
628,2024-01-21,Pants,Clothing,28,78.29,2192.12,Jose,Pix
629,2024-11-12,Shoes,Clothing,5,461.0,2305.0,Julia,Paypal
630,2024-09-08,Headphone,Electronics,19,89.81,1706.39,Larissa,Boleto
631,2024-04-09,Book,Books,93,222.54,20696.22,Jose,Paypal
632,2024-03-07,Hat,Clothing,69,271.61,18741.09,Carlos,Transfer
633,2024-08-28,Headphone,Electronics,85,29.93,2544.05,Julia,Debit Card
634,2024-04-29,Hat,Clothing,27,448.24,12102.48,Ana,Pix
635,2024-05-22,Laptop,Electronics,79,471.51,37249.29,Jose,Boleto
636,2024-01-10,Pants,Clothing,39,241.67,9425.13,Lucas,Paypal
637,2024-08-07,Pants,Clothing,43,250.2,10758.6,Maria,Transfer
638,2024-11-09,Book,Books,98,365.95,35863.1,Mariana,Debit Card
639,2024-01-30,Socks,Clothing,23,556.48,12799.04,Jose,Credit Card
640,2024-06-22,Pants,Clothing,95,228.2,21679.0,Pedro,Paypal
641,2024-02-04,Shoes,Clothing,42,113.74,4777.08,Mariana,Credit Card
642,2024-07-30,Pants,Clothing,21,139.54,2930.34,Mariana,Debit Card
643,2024-09-06,Socks,Clothing,57,529.98,30208.86,Maria,Transfer
644,2024-01-26,Pants,Clothing,41,387.24,15876.84,Mariana,Paypal
645,2024-01-28,Pants,Clothing,45,343.66,15464.7,Mariana,Transfer
646,2024-09-26,Mouse,Electronics,76,395.69,30072.44,Julia,Credit Card
647,2024-09-26,Mouse,Electronics,58,555.46,32216.68,Lucas,Debit Card
648,2024-09-27,Book,Books,16,112.4,1798.4,Jose,Paypal
649,2024-04-02,Book,Books,70,576.88,40381.6,Lucas,Pix
650,2024-10-02,Mouse,Electronics,11,469.92,5169.12,Larissa,Credit Card
651,2024-07-07,Headphone,Electronics,14,105.33,1474.62,Joao,Paypal
652,2024-07-25,backpack,Accessories,81,453.29,36716.49,Ana,Boleto
653,2024-05-08,T-shirt,Clothing,45,417.45,18785.25,Mariana,Credit Card
654,2024-04-23,Laptop,Electronics,75,462.26,34669.5,Joao,Credit Card
655,2024-01-19,backpack,Accessories,52,539.16,28036.32,Joao,Credit Card
656,2024-10-30,backpack,Accessories,13,203.54,2646.02,Pedro,Transfer
657,2024-03-11,backpack,Accessories,99,335.65,33229.35,Mariana,Pix
658,2024-02-28,Laptop,Electronics,43,414.79,17835.97,Lucas,Paypal
659,2024-12-02,Socks,Clothing,40,523.32,20932.8,Julia,Paypal
660,2024-05-04,Shoes,Clothing,85,135.01,11475.85,Pedro,Paypal
661,2024-01-17,Socks,Clothing,23,561.45,12913.35,Maria,Credit Card
662,2024-01-27,Headphone,Electronics,67,253.57,16989.19,Carlos,Transfer
663,2024-10-17,Shoes,Clothing,8,522.59,4180.72,Pedro,Paypal
664,2024-09-01,Hat,Clothing,16,411.05,6576.8,Joao,Debit Card
665,2024-11-22,Headphone,Electronics,91,108.59,9881.69,Pedro,Debit Card
666,2024-06-27,Laptop,Electronics,87,305.25,26556.75,Ana,Debit Card
667,2024-12-14,Hat,Clothing,47,434.77,20434.19,Pedro,Paypal
668,2024-12-16,Mouse,Electronics,60,448.5,26910.0,Pedro,Paypal
669,2024-03-12,Book,Books,51,186.7,9521.7,Maria,Paypal
670,2024-01-13,T-shirt,Clothing,78,133.47,10410.66,Pedro,Pix
671,2024-03-27,T-shirt,Clothing,25,62.4,1560.0,Joao,Credit Card
672,2024-04-19,backpack,Accessories,50,197.62,9881.0,Larissa,Credit Card
673,2024-06-19,Pants,Clothing,82,24.45,2004.9,Pedro,Paypal
674,2024-04-12,Hat,Clothing,55,457.25,25148.75,Carlos,Boleto
675,2024-01-27,Mouse,Electronics,31,139.54,4325.74,Jose,Pix
676,2024-03-02,Pants,Clothing,82,367.54,30138.28,Mariana,Boleto
677,2024-04-21,Shoes,Clothing,35,380.84,13329.4,Larissa,Boleto
678,2024-08-21,Socks,Clothing,100,277.52,27752.0,Julia,Transfer
679,2024-04-23,Pants,Clothing,18,280.12,5042.16,Mariana,Debit Card
680,2024-04-29,Headphone,Electronics,38,408.72,15531.36,Larissa,Debit Card
681,2024-10-06,Hat,Clothing,40,398.03,15921.2,Carlos,Boleto
682,2024-09-27,Pants,Clothing,96,499.09,47912.64,Jose,Paypal
683,2024-07-13,Shoes,Clothing,71,39.0,2769.0,Joao,Transfer
684,2024-04-19,Mouse,Electronics,87,239.23,20813.01,Lucas,Boleto
685,2024-12-20,Shoes,Clothing,20,44.86,897.2,Lucas,Transfer
686,2024-06-07,backpack,Accessories,83,298.52,24777.16,Ana,Debit Card
687,2024-07-10,Socks,Clothing,34,380.75,12945.5,Pedro,Credit Card
688,2024-09-25,Book,Books,66,238.54,15743.64,Maria,Pix
689,2024-10-19,Hat,Clothing,49,526.56,25801.44,Mariana,Pix
690,2024-11-12,Pants,Clothing,8,189.52,1516.16,Joao,Debit Card
691,2024-11-27,Mouse,Electronics,18,547.96,9863.28,Carlos,Transfer
692,2024-03-23,Laptop,Electronics,11,501.32,5514.52,Lucas,Paypal
693,2024-09-29,Book,Books,77,182.74,14070.98,Carlos,Pix
694,2024-04-14,Pants,Clothing,22,18.97,417.34,Jose,Paypal
695,2024-04-04,Pants,Clothing,77,400.65,30850.05,Larissa,Pix
696,2024-05-12,T-shirt,Clothing,14,126.29,1768.06,Mariana,Transfer
697,2024-03-27,Shoes,Clothing,17,472.37,8030.29,Joao,Debit Card
698,2024-08-19,Pants,Clothing,33,327.28,10800.24,Maria,Paypal
699,2024-09-13,Socks,Clothing,32,256.14,8196.48,Carlos,Boleto
700,2024-05-16,Shoes,Clothing,54,16.68,900.72,Joao,Paypal
701,2024-05-12,T-shirt,Clothing,79,187.73,14830.67,Jose,Paypal
702,2024-08-29,Socks,Clothing,51,322.8,16462.8,Carlos,Debit Card
703,2024-12-03,Shoes,Clothing,9,493.6,4442.4,Maria,Transfer
704,2024-11-02,Shoes,Clothing,8,182.08,1456.64,Lucas,Pix
705,2024-05-19,Laptop,Electronics,80,202.62,16209.6,Lucas,Pix
706,2024-09-06,Pants,Clothing,24,506.84,12164.16,Larissa,Transfer
707,2024-10-03,backpack,Accessories,17,283.18,4814.06,Mariana,Debit Card
708,2024-07-25,Hat,Clothing,29,196.98,5712.42,Lucas,Transfer
709,2024-08-16,backpack,Accessories,94,412.33,38759.02,Mariana,Credit Card
710,2024-07-24,T-shirt,Clothing,93,317.56,29533.08,Larissa,Paypal
711,2024-12-16,Mouse,Electronics,10,156.42,1564.2,Lucas,Boleto
712,2024-11-23,Laptop,Electronics,52,426.69,22187.88,Julia,Debit Card
713,2024-02-02,Shoes,Clothing,48,486.89,23370.72,Jose,Transfer
714,2024-01-31,Mouse,Electronics,33,488.85,16132.05,Julia,Boleto
715,2024-03-29,T-shirt,Clothing,60,84.23,5053.8,Lucas,Paypal
716,2024-09-15,Book,Books,74,300.72,22253.28,Ana,Paypal
717,2024-04-03,Mouse,Electronics,18,537.9,9682.2,Carlos,Transfer
718,2024-08-12,Mouse,Electronics,73,274.47,20036.31,Carlos,Boleto
719,2024-09-21,T-shirt,Clothing,21,408.55,8579.55,Mariana,Boleto
720,2024-08-18,Laptop,Electronics,74,367.4,27187.6,Carlos,Credit Card
721,2024-05-28,Shoes,Clothing,98,514.12,50383.76,Lucas,Credit Card
722,2024-05-19,backpack,Accessories,72,102.6,7387.2,Julia,Pix
723,2024-07-27,Shoes,Clothing,27,234.12,6321.24,Lucas,Debit Card
724,2024-09-13,Shoes,Clothing,30,173.8,5214.0,Jose,Pix
725,2024-02-06,Socks,Clothing,41,428.03,17549.23,Joao,Credit Card
726,2024-05-26,Mouse,Electronics,33,137.52,4538.16,Joao,Debit Card
727,2024-02-27,Mouse,Electronics,81,372.79,30195.99,Joao,Boleto
728,2024-03-21,backpack,Accessories,82,395.99,32471.18,Jose,Credit Card
729,2024-04-22,Book,Books,4,110.22,440.88,Carlos,Paypal
730,2024-04-10,Book,Books,55,560.55,30830.25,Ana,Transfer
731,2024-08-04,Mouse,Electronics,34,479.45,16301.3,Ana,Pix
732,2024-01-10,Hat,Clothing,77,513.1,39508.7,Julia,Transfer
733,2024-06-13,Shoes,Clothing,23,22.58,519.34,Joao,Credit Card
734,2024-10-01,backpack,Accessories,36,123.65,4451.4,Joao,Debit Card
735,2024-06-26,backpack,Accessories,11,575.81,6333.91,Pedro,Transfer
736,2024-11-15,Headphone,Electronics,18,350.15,6302.7,Joao,Paypal
737,2024-02-07,Hat,Clothing,2,176.35,352.7,Lucas,Paypal
738,2024-12-16,Book,Books,81,385.47,31223.07,Larissa,Paypal
739,2024-10-02,backpack,Accessories,12,131.14,1573.68,Joao,Debit Card
740,2024-04-06,Headphone,Electronics,81,427.8,34651.8,Joao,Pix
741,2024-07-21,Hat,Clothing,20,294.86,5897.2,Lucas,Boleto
742,2024-09-26,Socks,Clothing,58,396.33,22987.14,Maria,Paypal
743,2024-08-27,Mouse,Electronics,84,486.44,40860.96,Joao,Transfer
744,2024-02-21,Book,Books,58,472.89,27427.62,Joao,Paypal
745,2024-07-05,Laptop,Electronics,81,300.55,24344.55,Joao,Transfer
746,2024-07-07,backpack,Accessories,74,123.62,9147.88,Maria,Paypal
747,2024-03-28,Mouse,Electronics,55,512.83,28205.65,Carlos,Transfer
748,2024-07-14,Book,Books,3,44.04,132.12,Julia,Pix
749,2024-02-02,Mouse,Electronics,17,408.66,6947.22,Ana,Pix
750,2024-04-20,backpack,Accessories,44,60.62,2667.28,Larissa,Paypal
751,2024-09-12,Socks,Clothing,8,361.64,2893.12,Ana,Pix
752,2024-12-29,Book,Books,86,13.32,1145.52,Lucas,Transfer
753,2024-10-08,Laptop,Electronics,90,25.29,2276.1,Julia,Debit Card
754,2024-01-23,Pants,Clothing,77,281.02,21638.54,Larissa,Debit Card
755,2024-02-18,Book,Books,59,544.13,32103.67,Mariana,Debit Card
756,2024-06-10,Mouse,Electronics,44,475.43,20918.92,Maria,Debit Card
757,2024-08-13,backpack,Accessories,95,558.76,53082.2,Ana,Pix
758,2024-11-24,Pants,Clothing,70,270.61,18942.7,Mariana,Credit Card
759,2024-02-07,Shoes,Clothing,3,206.14,618.42,Joao,Transfer
760,2024-04-21,Socks,Clothing,17,99.26,1687.42,Carlos,Pix
761,2024-02-21,Laptop,Electronics,20,185.37,3707.4,Maria,Debit Card
762,2024-06-10,backpack,Accessories,5,22.49,112.45,Maria,Credit Card
763,2024-08-27,backpack,Accessories,98,60.78,5956.44,Pedro,Transfer
764,2024-07-08,backpack,Accessories,83,506.06,42002.98,Julia,Paypal
765,2024-08-31,Pants,Clothing,99,444.0,43956.0,Joao,Paypal
766,2024-09-11,Laptop,Electronics,32,442.18,14149.76,Maria,Pix
767,2024-11-08,Book,Books,22,315.54,6941.88,Carlos,Debit Card
768,2024-07-04,Pants,Clothing,43,37.01,1591.43,Carlos,Debit Card
769,2024-05-16,Hat,Clothing,84,52.56,4415.04,Larissa,Pix
770,2024-09-28,Hat,Clothing,64,491.43,31451.52,Joao,Credit Card
771,2024-06-22,Laptop,Electronics,47,318.99,14992.53,Joao,Debit Card
772,2024-07-26,T-shirt,Clothing,32,183.61,5875.52,Carlos,Pix
773,2024-10-30,Headphone,Electronics,37,206.2,7629.4,Pedro,Boleto
774,2024-10-01,Shoes,Clothing,67,15.07,1009.69,Larissa,Paypal
775,2024-02-01,T-shirt,Clothing,47,63.92,3004.24,Maria,Paypal
776,2024-02-23,Shoes,Clothing,14,176.85,2475.9,Mariana,Credit Card
777,2024-04-16,Hat,Clothing,86,240.47,20680.42,Pedro,Transfer
778,2024-01-19,Mouse,Electronics,56,447.7,25071.2,Joao,Paypal
779,2024-06-30,Shoes,Clothing,46,520.14,23926.44,Mariana,Pix
780,2024-09-22,Book,Books,66,432.19,28524.54,Mariana,Boleto
781,2024-05-23,Book,Books,96,541.07,51942.72,Ana,Transfer
782,2024-10-22,Socks,Clothing,24,505.82,12139.68,Carlos,Pix
783,2024-08-14,Pants,Clothing,87,375.27,32648.49,Lucas,Boleto
784,2024-02-08,Mouse,Electronics,74,110.73,8194.02,Jose,Boleto
785,2024-04-22,Hat,Clothing,8,567.72,4541.76,Pedro,Transfer
786,2024-08-23,Hat,Clothing,40,476.61,19064.4,Joao,Pix
787,2024-10-10,Pants,Clothing,70,372.64,26084.8,Julia,Boleto
788,2024-07-28,backpack,Accessories,71,12.2,866.2,Lucas,Transfer
789,2024-12-28,Shoes,Clothing,84,190.43,15996.12,Lucas,Paypal
790,2024-06-09,Shoes,Clothing,25,118.1,2952.5,Maria,Debit Card
791,2024-07-10,Hat,Clothing,72,347.81,25042.32,Jose,Credit Card
792,2024-06-25,Headphone,Electronics,27,410.25,11076.75,Mariana,Transfer
793,2024-08-22,T-shirt,Clothing,72,554.82,39947.04,Larissa,Transfer
794,2024-04-12,Headphone,Electronics,51,387.71,19773.21,Joao,Boleto
795,2024-01-15,Pants,Clothing,88,62.95,5539.6,Pedro,Boleto
796,2024-03-08,T-shirt,Clothing,18,557.99,10043.82,Joao,Paypal
797,2024-07-18,Hat,Clothing,86,291.49,25068.14,Ana,Paypal
798,2024-01-30,Laptop,Electronics,33,101.83,3360.39,Joao,Debit Card
799,2024-06-25,Mouse,Electronics,16,444.97,7119.52,Pedro,Boleto
800,2024-05-03,Hat,Clothing,81,375.99,30455.19,Julia,Debit Card
801,2024-03-02,Shoes,Clothing,5,325.97,1629.85,Julia,Paypal
802,2024-03-16,Laptop,Electronics,76,490.8,37300.8,Larissa,Debit Card
803,2024-05-01,Shoes,Clothing,52,303.95,15805.4,Carlos,Credit Card
804,2024-03-07,Book,Books,58,320.92,18613.36,Joao,Debit Card
805,2024-02-28,backpack,Accessories,51,181.09,9235.59,Joao,Boleto
806,2024-07-26,Mouse,Electronics,90,267.4,24066.0,Lucas,Pix
807,2024-09-15,Laptop,Electronics,51,173.57,8852.07,Ana,Debit Card
808,2024-08-26,backpack,Accessories,50,436.26,21813.0,Carlos,Boleto
809,2024-12-16,Shoes,Clothing,94,392.9,36932.6,Julia,Transfer
810,2024-07-01,Pants,Clothing,97,373.13,36193.61,Maria,Boleto
811,2024-10-02,backpack,Accessories,80,440.79,35263.2,Carlos,Credit Card
812,2024-11-25,Laptop,Electronics,55,312.03,17161.65,Joao,Debit Card
813,2024-04-08,Headphone,Electronics,17,354.39,6024.63,Mariana,Paypal
814,2024-04-21,Socks,Clothing,13,122.41,1591.33,Joao,Paypal
815,2024-04-10,Socks,Clothing,50,426.41,21320.5,Pedro,Boleto
816,2024-01-04,Book,Books,6,149.43,896.58,Pedro,Paypal
817,2024-11-18,backpack,Accessories,20,112.58,2251.6,Maria,Credit Card
818,2024-04-11,backpack,Accessories,83,167.25,13881.75,Joao,Boleto
819,2024-02-12,Socks,Clothing,87,187.51,16313.37,Pedro,Paypal
820,2024-03-26,backpack,Accessories,95,172.31,16369.45,Carlos,Paypal
821,2024-01-23,Shoes,Clothing,8,351.26,2810.08,Maria,Boleto
822,2024-08-12,Pants,Clothing,36,540.63,19462.68,Pedro,Boleto
823,2024-10-19,Book,Books,15,520.31,7804.65,Lucas,Debit Card
824,2024-03-28,Pants,Clothing,62,361.18,22393.16,Carlos,Paypal
825,2024-11-07,Socks,Clothing,9,37.8,340.2,Jose,Paypal
826,2024-05-21,Mouse,Electronics,76,437.86,33277.36,Joao,Debit Card
827,2024-12-11,Laptop,Electronics,19,223.18,4240.42,Pedro,Pix
828,2024-04-21,T-shirt,Clothing,39,111.81,4360.59,Lucas,Transfer
829,2024-03-21,Hat,Clothing,40,541.68,21667.2,Ana,Debit Card
830,2024-06-14,backpack,Accessories,31,257.3,7976.3,Pedro,Paypal
831,2024-07-07,Pants,Clothing,46,166.53,7660.38,Lucas,Debit Card
832,2024-03-21,Mouse,Electronics,93,22.74,2114.82,Ana,Credit Card
833,2024-02-05,Mouse,Electronics,81,369.86,29958.66,Pedro,Debit Card
834,2024-08-03,Mouse,Electronics,34,328.31,11162.54,Maria,Boleto
835,2024-11-05,Laptop,Electronics,40,257.13,10285.2,Jose,Pix
836,2024-03-01,Hat,Clothing,43,241.82,10398.26,Ana,Credit Card
837,2024-12-17,Socks,Clothing,89,85.55,7613.95,Mariana,Credit Card
838,2024-11-06,Headphone,Electronics,60,576.5,34590.0,Ana,Transfer
839,2024-12-19,Shoes,Clothing,6,296.78,1780.68,Ana,Transfer
840,2024-07-13,Headphone,Electronics,13,423.65,5507.45,Ana,Boleto
841,2024-12-02,Shoes,Clothing,41,122.53,5023.73,Joao,Boleto
842,2024-08-11,Hat,Clothing,1,47.24,47.24,Maria,Transfer
843,2024-09-24,backpack,Accessories,22,577.11,12696.42,Maria,Paypal
844,2024-07-02,Socks,Clothing,91,168.09,15296.19,Carlos,Debit Card
845,2024-12-16,Shoes,Clothing,87,308.32,26823.84,Larissa,Boleto
846,2024-02-27,Shoes,Clothing,15,573.45,8601.75,Mariana,Paypal
847,2024-09-16,Shoes,Clothing,11,565.51,6220.61,Ana,Credit Card
848,2024-10-20,Mouse,Electronics,55,298.2,16401.0,Julia,Credit Card
849,2024-12-29,Socks,Clothing,70,29.69,2078.3,Julia,Credit Card
850,2024-04-23,backpack,Accessories,50,381.47,19073.5,Maria,Debit Card
851,2024-12-01,T-shirt,Clothing,19,196.37,3731.03,Ana,Paypal
852,2024-05-02,Mouse,Electronics,78,191.37,14926.86,Julia,Credit Card
853,2024-07-16,Headphone,Electronics,45,559.05,25157.25,Mariana,Transfer
854,2024-09-11,Laptop,Electronics,48,511.87,24569.76,Maria,Credit Card
855,2024-06-01,Mouse,Electronics,24,480.78,11538.72,Ana,Paypal
856,2024-10-16,T-shirt,Clothing,49,275.19,13484.31,Julia,Boleto
857,2024-08-30,Headphone,Electronics,94,456.65,42925.1,Larissa,Credit Card
858,2024-08-21,backpack,Accessories,11,347.64,3824.04,Maria,Debit Card
859,2024-12-17,backpack,Accessories,43,572.79,24629.97,Ana,Debit Card
860,2024-05-12,Laptop,Electronics,62,161.72,10026.64,Ana,Pix
861,2024-07-25,Shoes,Clothing,92,391.49,36017.08,Mariana,Pix
862,2024-06-06,backpack,Accessories,50,405.67,20283.5,Joao,Paypal
863,2024-12-11,Laptop,Electronics,52,396.69,20627.88,Lucas,Pix
864,2024-06-04,Shoes,Clothing,37,392.5,14522.5,Ana,Debit Card
865,2024-10-14,Shoes,Clothing,98,512.15,50190.7,Pedro,Pix
866,2024-10-11,T-shirt,Clothing,66,269.5,17787.0,Jose,Paypal
867,2024-11-25,Mouse,Electronics,15,144.76,2171.4,Carlos,Paypal
868,2024-06-24,Pants,Clothing,59,423.66,24995.94,Joao,Credit Card
869,2024-05-18,T-shirt,Clothing,50,561.04,28052.0,Carlos,Boleto
870,2024-10-17,Socks,Clothing,88,577.97,50861.36,Jose,Pix
871,2024-04-10,Socks,Clothing,1,316.75,316.75,Pedro,Paypal
872,2024-05-10,Book,Books,86,390.95,33621.7,Ana,Debit Card
873,2024-02-21,Headphone,Electronics,23,332.58,7649.34,Lucas,Debit Card
874,2024-05-02,Book,Books,54,87.63,4732.02,Jose,Boleto
875,2024-10-12,backpack,Accessories,17,207.26,3523.42,Pedro,Paypal
876,2024-03-22,Socks,Clothing,39,21.67,845.13,Joao,Paypal
877,2024-08-10,Hat,Clothing,73,132.16,9647.68,Lucas,Paypal
878,2024-03-01,Mouse,Electronics,42,87.24,3664.08,Mariana,Paypal
879,2024-01-26,Mouse,Electronics,24,160.93,3862.32,Joao,Debit Card
880,2024-08-27,Pants,Clothing,56,342.31,19169.36,Maria,Debit Card
881,2024-08-31,Socks,Clothing,95,455.7,43291.5,Pedro,Boleto
882,2024-07-10,backpack,Accessories,7,241.19,1688.33,Maria,Transfer
883,2024-02-10,Mouse,Electronics,59,258.86,15272.74,Carlos,Boleto
884,2024-07-31,Laptop,Electronics,25,526.96,13174.0,Jose,Pix
885,2024-05-14,Shoes,Clothing,34,577.56,19637.04,Ana,Paypal
886,2024-06-18,Socks,Clothing,65,399.95,25996.75,Maria,Transfer
887,2024-12-05,Mouse,Electronics,51,25.09,1279.59,Ana,Boleto
888,2024-12-06,Headphone,Electronics,18,219.69,3954.42,Carlos,Pix
889,2024-09-09,Pants,Clothing,98,409.84,40164.32,Carlos,Paypal
890,2024-01-18,backpack,Accessories,1,49.54,49.54,Larissa,Paypal
891,2024-05-22,Mouse,Electronics,97,298.72,28975.84,Maria,Debit Card
892,2024-06-12,backpack,Accessories,97,412.09,39972.73,Maria,Pix
893,2024-05-26,T-shirt,Clothing,78,570.33,44485.74,Carlos,Boleto
894,2024-05-04,Pants,Clothing,66,187.92,12402.72,Ana,Pix
895,2024-10-16,Pants,Clothing,83,120.51,10002.33,Maria,Credit Card
896,2024-04-12,Laptop,Electronics,75,383.64,28773.0,Julia,Pix
897,2024-02-11,Shoes,Clothing,53,213.26,11302.78,Carlos,Pix
898,2024-07-18,Mouse,Electronics,61,80.08,4884.88,Mariana,Debit Card
899,2024-09-04,Socks,Clothing,44,280.86,12357.84,Mariana,Transfer
900,2024-01-10,Mouse,Electronics,14,93.48,1308.72,Mariana,Transfer
901,2024-07-13,Laptop,Electronics,46,208.52,9591.92,Julia,Paypal
902,2024-04-29,Hat,Clothing,3,559.38,1678.14,Carlos,Paypal
903,2024-03-29,backpack,Accessories,18,17.71,318.78,Joao,Paypal
904,2024-08-10,Laptop,Electronics,45,569.71,25636.95,Ana,Transfer
905,2024-06-14,Mouse,Electronics,57,573.06,32664.42,Julia,Paypal
906,2024-02-13,Pants,Clothing,43,386.56,16622.08,Ana,Pix
907,2024-11-22,T-shirt,Clothing,100,206.72,20672.0,Mariana,Pix
908,2024-11-12,Headphone,Electronics,3,96.73,290.19,Larissa,Credit Card
909,2024-03-08,Pants,Clothing,36,468.12,16852.32,Joao,Transfer
910,2024-01-04,Book,Books,39,442.8,17269.2,Maria,Boleto
911,2024-01-20,Laptop,Electronics,98,523.13,51266.74,Carlos,Pix
912,2024-12-23,Pants,Clothing,96,35.43,3401.28,Pedro,Boleto
913,2024-03-21,T-shirt,Clothing,28,472.64,13233.92,Maria,Debit Card
914,2024-04-14,T-shirt,Clothing,56,323.93,18140.08,Larissa,Pix
915,2024-08-10,Book,Books,52,311.14,16179.28,Mariana,Debit Card
916,2024-11-08,Socks,Clothing,88,194.01,17072.88,Pedro,Transfer
917,2024-08-07,Shoes,Clothing,72,163.85,11797.2,Maria,Transfer
918,2024-09-09,backpack,Accessories,68,238.32,16205.76,Mariana,Transfer
919,2024-11-24,Headphone,Electronics,91,387.09,35225.19,Ana,Paypal
920,2024-08-27,Pants,Clothing,29,429.5,12455.5,Maria,Credit Card
921,2024-09-24,Shoes,Clothing,37,258.34,9558.58,Carlos,Debit Card
922,2024-06-29,Book,Books,55,339.62,18679.1,Mariana,Debit Card
923,2024-09-09,Laptop,Electronics,3,555.34,1666.02,Carlos,Credit Card
924,2024-01-30,Laptop,Electronics,36,217.28,7822.08,Pedro,Paypal
925,2024-05-04,Hat,Clothing,57,334.12,19044.84,Pedro,Pix
926,2024-05-15,Laptop,Electronics,80,513.5,41080.0,Mariana,Credit Card
927,2024-11-26,Hat,Clothing,87,121.01,10527.87,Jose,Pix
928,2024-08-16,Book,Books,96,475.42,45640.32,Julia,Paypal
929,2024-02-28,Mouse,Electronics,13,43.67,567.71,Larissa,Pix
930,2024-08-05,Laptop,Electronics,18,366.23,6592.14,Maria,Paypal
931,2024-03-21,Mouse,Electronics,67,195.38,13090.46,Joao,Paypal
932,2024-01-31,Laptop,Electronics,38,244.16,9278.08,Carlos,Debit Card
933,2024-04-05,backpack,Accessories,59,228.63,13489.17,Mariana,Boleto
934,2024-11-19,Book,Books,13,285.69,3713.97,Ana,Credit Card
935,2024-12-08,Laptop,Electronics,40,124.58,4983.2,Pedro,Transfer
936,2024-08-11,backpack,Accessories,94,239.5,22513.0,Jose,Credit Card
937,2024-10-25,T-shirt,Clothing,24,137.19,3292.56,Mariana,Boleto
938,2024-05-18,Shoes,Clothing,72,335.6,24163.2,Maria,Debit Card
939,2024-06-28,Hat,Clothing,71,175.2,12439.2,Jose,Transfer
940,2024-06-19,Hat,Clothing,12,578.17,6938.04,Lucas,Paypal
941,2024-05-05,Book,Books,48,233.0,11184.0,Ana,Pix
942,2024-07-23,Pants,Clothing,46,561.66,25836.36,Maria,Paypal
943,2024-10-08,Mouse,Electronics,20,333.79,6675.8,Julia,Paypal
944,2024-02-27,backpack,Accessories,93,217.87,20261.91,Maria,Debit Card
945,2024-07-06,Headphone,Electronics,1,216.17,216.17,Carlos,Transfer
946,2024-01-07,Headphone,Electronics,38,228.83,8695.54,Larissa,Transfer
947,2024-01-12,Hat,Clothing,69,482.16,33269.04,Julia,Transfer
948,2024-12-01,Mouse,Electronics,51,562.37,28680.87,Maria,Credit Card
949,2024-06-17,T-shirt,Clothing,85,263.25,22376.25,Jose,Boleto
950,2024-12-26,Headphone,Electronics,84,307.02,25789.68,Lucas,Pix
951,2024-07-12,Shoes,Clothing,26,31.16,810.16,Ana,Debit Card
952,2024-12-23,Shoes,Clothing,82,439.78,36061.96,Joao,Transfer
953,2024-04-23,T-shirt,Clothing,33,442.72,14609.76,Carlos,Boleto
954,2024-10-04,backpack,Accessories,88,388.64,34200.32,Jose,Pix
955,2024-01-30,T-shirt,Clothing,76,264.41,20095.16,Jose,Transfer
956,2024-05-25,T-shirt,Clothing,91,150.59,13703.69,Joao,Transfer
957,2024-04-26,backpack,Accessories,45,237.63,10693.35,Carlos,Credit Card
958,2024-01-16,backpack,Accessories,16,89.87,1437.92,Mariana,Debit Card
959,2024-01-29,Laptop,Electronics,18,42.14,758.52,Pedro,Pix
960,2024-05-18,Hat,Clothing,65,248.65,16162.25,Julia,Credit Card
961,2024-02-26,T-shirt,Clothing,78,219.4,17113.2,Ana,Pix
962,2024-08-15,backpack,Accessories,91,196.64,17894.24,Lucas,Pix
963,2024-04-06,backpack,Accessories,48,75.55,3626.4,Carlos,Paypal
964,2024-11-19,Socks,Clothing,80,56.25,4500.0,Maria,Paypal
965,2024-04-21,backpack,Accessories,29,381.53,11064.37,Carlos,Credit Card
966,2024-05-31,Hat,Clothing,15,415.16,6227.4,Joao,Boleto
967,2024-09-18,T-shirt,Clothing,54,438.51,23679.54,Jose,Credit Card
968,2024-03-04,Laptop,Electronics,33,446.34,14729.22,Larissa,Transfer
969,2024-08-21,T-shirt,Clothing,69,422.69,29165.61,Jose,Boleto
970,2024-08-04,Hat,Clothing,87,357.38,31092.06,Joao,Transfer
971,2024-06-13,backpack,Accessories,1,468.96,468.96,Mariana,Transfer
972,2024-05-13,Socks,Clothing,41,500.63,20525.83,Jose,Paypal
973,2024-08-18,Headphone,Electronics,44,531.67,23393.48,Lucas,Boleto
974,2024-08-29,backpack,Accessories,17,405.46,6892.82,Larissa,Boleto
975,2024-06-11,Shoes,Clothing,92,130.87,12040.04,Maria,Boleto
976,2024-03-16,Mouse,Electronics,51,148.98,7597.98,Maria,Transfer
977,2024-06-03,Book,Books,63,91.84,5785.92,Maria,Boleto
978,2024-08-09,backpack,Accessories,90,495.73,44615.7,Mariana,Transfer
979,2024-05-06,Shoes,Clothing,31,425.59,13193.29,Pedro,Debit Card
980,2024-01-01,Headphone,Electronics,52,326.57,16981.64,Julia,Boleto
981,2024-05-26,Mouse,Electronics,71,161.45,11462.95,Jose,Boleto
982,2024-10-06,Laptop,Electronics,11,449.38,4943.18,Jose,Boleto
983,2024-11-19,T-shirt,Clothing,59,39.23,2314.57,Carlos,Debit Card
984,2024-02-14,Shoes,Clothing,80,19.6,1568.0,Ana,Transfer
985,2024-05-15,Laptop,Electronics,60,256.14,15368.4,Larissa,Paypal
986,2024-07-12,Socks,Clothing,76,118.36,8995.36,Pedro,Boleto
987,2024-08-17,Socks,Clothing,15,183.32,2749.8,Larissa,Boleto
988,2024-07-22,Headphone,Electronics,26,166.95,4340.7,Carlos,Boleto
989,2024-11-11,Headphone,Electronics,64,113.08,7237.12,Maria,Pix
990,2024-04-03,Headphone,Electronics,17,307.72,5231.24,Larissa,Pix
991,2024-12-03,Headphone,Electronics,76,467.12,35501.12,Maria,Debit Card
992,2024-01-23,backpack,Accessories,60,544.09,32645.4,Maria,Debit Card
993,2024-06-03,backpack,Accessories,21,533.54,11204.34,Joao,Credit Card
994,2024-09-03,Shoes,Clothing,3,77.27,231.81,Jose,Credit Card
995,2024-06-28,Shoes,Clothing,66,334.84,22099.44,Larissa,Transfer
996,2024-12-27,Book,Books,66,201.94,13328.04,Julia,Credit Card
997,2024-12-22,Hat,Clothing,77,55.87,4301.99,Ana,Transfer
998,2024-07-17,T-shirt,Clothing,8,20.71,165.68,Carlos,Credit Card
999,2024-08-02,Headphone,Electronics,78,482.67,37648.26,Jose,Pix
1000,2024-01-08,Shoes,Clothing,72,324.05,23331.6,Mariana,Boleto
